T,D,fwd_ms,fwd_std,bwd_ms,bwd_std,mem_before_bwd_MiB,peak_MiB
256,16,0.401,0.061,1.488,5.769,12.711,29.212
256,32,0.392,0.051,1.049,0.184,21.336,30.087
256,64,0.421,0.075,0.973,0.112,22.336,31.837
256,128,0.395,0.045,1.014,0.209,24.336,35.337
1024,16,1.395,0.063,3.212,0.104,83.344,212.845
1024,32,1.427,0.037,3.245,0.071,85.344,216.345
1024,64,1.493,0.047,3.359,0.095,89.344,223.345
1024,128,1.647,0.041,3.512,0.107,97.344,237.345
4096,16,18.146,0.072,41.839,0.135,1064.625,3118.626
4096,32,18.738,0.033,42.515,0.196,1072.625,3132.626
4096,64,19.924,0.044,43.792,0.278,1088.625,3160.626
4096,128,22.146,0.051,46.075,0.167,1120.625,3216.626
8192,16,71.502,0.046,161.455,0.311,4193.000,12397.001
8192,32,73.884,0.056,163.925,0.419,4209.000,12425.001
8192,64,78.553,0.089,168.593,0.268,4241.000,12481.001
8192,128,87.473,0.077,177.958,0.235,4305.000,12593.001
16384,16,OOM,,,,,
16384,32,OOM,,,,,
16384,64,OOM,,,,,
16384,128,OOM,,,,,
