impl,dtype,T,d,fwd,bwd,e2e,gpu
flash,torch.bfloat16,128,16,0.009529777647306522,0.07256615348160267,0.20287542854036603,NVIDIA A100-PCIE-40GB MIG 2g.10gb
naive,torch.bfloat16,128,16,0.049108776027586926,0.1896322597978545,0.4029618529896987,NVIDIA A100-PCIE-40GB MIG 2g.10gb
compiled,torch.bfloat16,128,16,0.016359085283641304,0.09082501012723422,0.5071021571926687,NVIDIA A100-PCIE-40GB MIG 2g.10gb
sdpa,torch.bfloat16,128,16,0.010426816740401194,0.02523364666301538,0.03506962968795388,NVIDIA A100-PCIE-40GB MIG 2g.10gb
flash,torch.bfloat16,256,16,0.013217465504150809,0.30683610594905586,0.31095572273329936,NVIDIA A100-PCIE-40GB MIG 2g.10gb
naive,torch.bfloat16,256,16,0.053924537249910295,0.09366755554127315,0.5926079995930195,NVIDIA A100-PCIE-40GB MIG 2g.10gb
compiled,torch.bfloat16,256,16,0.020895539374231435,0.1107726585638674,0.644728683573859,NVIDIA A100-PCIE-40GB MIG 2g.10gb
sdpa,torch.bfloat16,256,16,0.014840964432673675,0.030654103819418837,0.04235247747778003,NVIDIA A100-PCIE-40GB MIG 2g.10gb
flash,torch.bfloat16,512,16,0.021287217638210246,0.09406368624345929,0.24463431704267163,NVIDIA A100-PCIE-40GB MIG 2g.10gb
naive,torch.bfloat16,512,16,0.07094769242864389,0.12361150438135321,0.32614236705157224,NVIDIA A100-PCIE-40GB MIG 2g.10gb
compiled,torch.bfloat16,512,16,0.031884753496210644,0.07011522514413493,0.4176529771751828,NVIDIA A100-PCIE-40GB MIG 2g.10gb
sdpa,torch.bfloat16,512,16,0.017394285768802677,0.03994770161807537,0.05945748876231585,NVIDIA A100-PCIE-40GB MIG 2g.10gb
flash,torch.bfloat16,1024,16,0.039986388452017484,0.20373485753169426,0.25678352421463124,NVIDIA A100-PCIE-40GB MIG 2g.10gb
naive,torch.bfloat16,1024,16,0.13521840013563632,0.23420950896897405,0.4468288743632963,NVIDIA A100-PCIE-40GB MIG 2g.10gb
compiled,torch.bfloat16,1024,16,0.06573117592635046,0.13888894955990677,0.4702682810467343,NVIDIA A100-PCIE-40GB MIG 2g.10gb
sdpa,torch.bfloat16,1024,16,0.022663136796771195,0.05893203087207925,0.07943000009981915,NVIDIA A100-PCIE-40GB MIG 2g.10gb
flash,torch.bfloat16,2048,16,0.0905633281469345,0.5756475910162314,0.6619915540019671,NVIDIA A100-PCIE-40GB MIG 2g.10gb
naive,torch.bfloat16,2048,16,0.5506371989846229,1.040345823555662,1.5710995419080866,NVIDIA A100-PCIE-40GB MIG 2g.10gb
compiled,torch.bfloat16,2048,16,0.22549241866384234,0.48266903559366864,0.6792295719638015,NVIDIA A100-PCIE-40GB MIG 2g.10gb
sdpa,torch.bfloat16,2048,16,0.03161763514045381,0.09632406825736417,0.13171545986656671,NVIDIA A100-PCIE-40GB MIG 2g.10gb
flash,torch.bfloat16,4096,16,0.2623858434649614,2.0099821301067577,2.2675752928762725,NVIDIA A100-PCIE-40GB MIG 2g.10gb
naive,torch.bfloat16,4096,16,2.2018973967608284,4.0004160063607355,6.174245357513428,NVIDIA A100-PCIE-40GB MIG 2g.10gb
compiled,torch.bfloat16,4096,16,0.993976951655695,1.7684519916772843,2.7345335236911117,NVIDIA A100-PCIE-40GB MIG 2g.10gb
sdpa,torch.bfloat16,4096,16,0.09757158327102661,0.17317120026458394,0.2691105884664199,NVIDIA A100-PCIE-40GB MIG 2g.10gb
flash,torch.bfloat16,8192,16,0.8688797477691893,7.5562879085540775,8.419727897644043,NVIDIA A100-PCIE-40GB MIG 2g.10gb
naive,torch.bfloat16,8192,16,8.59463357925415,15.329775969187418,23.892648220062256,NVIDIA A100-PCIE-40GB MIG 2g.10gb
compiled,torch.bfloat16,8192,16,4.260755228996277,7.261362632115682,11.517120122909546,NVIDIA A100-PCIE-40GB MIG 2g.10gb
sdpa,torch.bfloat16,8192,16,0.27133701061739507,0.40665887781743254,0.6789462838854109,NVIDIA A100-PCIE-40GB MIG 2g.10gb
flash,torch.bfloat16,16384,16,3.1340812969207765,30.724938710530598,33.86608123779297,NVIDIA A100-PCIE-40GB MIG 2g.10gb
naive,torch.bfloat16,16384,16,33.557342529296875,60.75996780395508,94.2741470336914,NVIDIA A100-PCIE-40GB MIG 2g.10gb
compiled,torch.bfloat16,16384,16,16.928185653686523,28.7357120513916,45.642831802368164,NVIDIA A100-PCIE-40GB MIG 2g.10gb
sdpa,torch.bfloat16,16384,16,0.8280098493282612,1.4531805178393489,2.282293341376565,NVIDIA A100-PCIE-40GB MIG 2g.10gb
flash,torch.bfloat16,32768,16,,,,NVIDIA A100-PCIE-40GB MIG 2g.10gb
naive,torch.bfloat16,32768,16,,,,NVIDIA A100-PCIE-40GB MIG 2g.10gb
compiled,torch.bfloat16,32768,16,,,,NVIDIA A100-PCIE-40GB MIG 2g.10gb
sdpa,torch.bfloat16,32768,16,2.7186648270179488,5.530536556243897,8.260355082425205,NVIDIA A100-PCIE-40GB MIG 2g.10gb
flash,torch.bfloat16,65536,16,,,,NVIDIA A100-PCIE-40GB MIG 2g.10gb
naive,torch.bfloat16,65536,16,,,,NVIDIA A100-PCIE-40GB MIG 2g.10gb
compiled,torch.bfloat16,65536,16,,,,NVIDIA A100-PCIE-40GB MIG 2g.10gb
sdpa,torch.bfloat16,65536,16,9.800259484185112,21.755296230316162,31.560821533203125,NVIDIA A100-PCIE-40GB MIG 2g.10gb
flash,torch.bfloat16,128,32,0.010513496404285911,0.18704750655609884,0.3219361860176613,NVIDIA A100-PCIE-40GB MIG 2g.10gb
naive,torch.bfloat16,128,32,0.04928501511910068,0.07879424974089488,0.5679823072517619,NVIDIA A100-PCIE-40GB MIG 2g.10gb
compiled,torch.bfloat16,128,32,0.017643510839707558,0.04123391063689296,0.5146051056413765,NVIDIA A100-PCIE-40GB MIG 2g.10gb
sdpa,torch.bfloat16,128,32,0.010459718399379455,0.025354977941861118,0.032028235330739445,NVIDIA A100-PCIE-40GB MIG 2g.10gb
flash,torch.bfloat16,256,32,0.014758595450290742,0.1399386947092257,0.30976400108864677,NVIDIA A100-PCIE-40GB MIG 2g.10gb
naive,torch.bfloat16,256,32,0.053934195352003986,0.08606311837284583,0.43986464231863787,NVIDIA A100-PCIE-40GB MIG 2g.10gb
compiled,torch.bfloat16,256,32,0.020585599914193155,0.04929972932975095,0.45927349518943617,NVIDIA A100-PCIE-40GB MIG 2g.10gb
sdpa,torch.bfloat16,256,32,0.013338742884142059,0.02928305889808518,0.03906512577776556,NVIDIA A100-PCIE-40GB MIG 2g.10gb
flash,torch.bfloat16,512,32,0.02318301534710022,0.21366101705421836,0.3297074946384985,NVIDIA A100-PCIE-40GB MIG 2g.10gb
naive,torch.bfloat16,512,32,0.07016221531308614,0.11342598356244978,0.4377270176702616,NVIDIA A100-PCIE-40GB MIG 2g.10gb
compiled,torch.bfloat16,512,32,0.03226861331856599,0.0712654885164527,0.24910539793736727,NVIDIA A100-PCIE-40GB MIG 2g.10gb
sdpa,torch.bfloat16,512,32,0.01596022881567478,0.038597014913363245,0.049899308164989144,NVIDIA A100-PCIE-40GB MIG 2g.10gb
flash,torch.bfloat16,1024,32,0.043637172732138095,0.25346923189667553,0.3165205784679688,NVIDIA A100-PCIE-40GB MIG 2g.10gb
naive,torch.bfloat16,1024,32,0.13527093293766182,0.2177703702063472,0.3617913268114391,NVIDIA A100-PCIE-40GB MIG 2g.10gb
compiled,torch.bfloat16,1024,32,0.06672861576080322,0.14836704323434421,0.2683089340680114,NVIDIA A100-PCIE-40GB MIG 2g.10gb
sdpa,torch.bfloat16,1024,32,0.020773257235331195,0.056133862812327975,0.0731347493128851,NVIDIA A100-PCIE-40GB MIG 2g.10gb
flash,torch.bfloat16,2048,32,0.09813316094298516,0.7670631408691406,0.8598045036196709,NVIDIA A100-PCIE-40GB MIG 2g.10gb
naive,torch.bfloat16,2048,32,0.5505892015993595,1.004965518055291,1.5343134647065944,NVIDIA A100-PCIE-40GB MIG 2g.10gb
compiled,torch.bfloat16,2048,32,0.20237001749846312,0.47573345689212576,0.6544596152762844,NVIDIA A100-PCIE-40GB MIG 2g.10gb
sdpa,torch.bfloat16,2048,32,0.0283501450566278,0.09282352144901569,0.1151000329655064,NVIDIA A100-PCIE-40GB MIG 2g.10gb
flash,torch.bfloat16,4096,32,0.29808816283333056,2.787337158407484,3.0908566254835863,NVIDIA A100-PCIE-40GB MIG 2g.10gb
naive,torch.bfloat16,4096,32,2.2027529267703785,3.9292723678407215,6.098034313746861,NVIDIA A100-PCIE-40GB MIG 2g.10gb
compiled,torch.bfloat16,4096,32,0.9149661919763011,1.946136223303305,2.835861716951643,NVIDIA A100-PCIE-40GB MIG 2g.10gb
sdpa,torch.bfloat16,4096,32,0.09403565320677644,0.16574175394417948,0.25374122995596665,NVIDIA A100-PCIE-40GB MIG 2g.10gb
flash,torch.bfloat16,8192,32,0.9742085418458712,10.55075216293335,11.51175594329834,NVIDIA A100-PCIE-40GB MIG 2g.10gb
naive,torch.bfloat16,8192,32,8.64617919921875,15.241093317667643,23.859856605529785,NVIDIA A100-PCIE-40GB MIG 2g.10gb
compiled,torch.bfloat16,8192,32,3.7556421648372305,7.713268366726962,11.461179852485657,NVIDIA A100-PCIE-40GB MIG 2g.10gb
sdpa,torch.bfloat16,8192,32,0.2584326071398599,0.3853394281078171,0.6375558932085295,NVIDIA A100-PCIE-40GB MIG 2g.10gb
flash,torch.bfloat16,16384,32,3.550344353136809,42.67793655395508,46.20008087158203,NVIDIA A100-PCIE-40GB MIG 2g.10gb
naive,torch.bfloat16,16384,32,33.59804725646973,60.24518585205078,93.8846435546875,NVIDIA A100-PCIE-40GB MIG 2g.10gb
compiled,torch.bfloat16,16384,32,14.74137576421102,30.48017120361328,45.14897537231445,NVIDIA A100-PCIE-40GB MIG 2g.10gb
sdpa,torch.bfloat16,16384,32,0.7903248478065837,1.367494801257519,2.1485919882269466,NVIDIA A100-PCIE-40GB MIG 2g.10gb
flash,torch.bfloat16,32768,32,,,,NVIDIA A100-PCIE-40GB MIG 2g.10gb
naive,torch.bfloat16,32768,32,,,,NVIDIA A100-PCIE-40GB MIG 2g.10gb
compiled,torch.bfloat16,32768,32,,,,NVIDIA A100-PCIE-40GB MIG 2g.10gb
sdpa,torch.bfloat16,32768,32,2.601435740788778,5.196692019701004,7.793410908092152,NVIDIA A100-PCIE-40GB MIG 2g.10gb
flash,torch.bfloat16,65536,32,,,,NVIDIA A100-PCIE-40GB MIG 2g.10gb
naive,torch.bfloat16,65536,32,,,,NVIDIA A100-PCIE-40GB MIG 2g.10gb
compiled,torch.bfloat16,65536,32,,,,NVIDIA A100-PCIE-40GB MIG 2g.10gb
sdpa,torch.bfloat16,65536,32,9.35011535220676,20.427144050598145,29.766964594523113,NVIDIA A100-PCIE-40GB MIG 2g.10gb
flash,torch.bfloat16,128,64,0.010650057046275054,0.2610417016326113,0.44713563742962753,NVIDIA A100-PCIE-40GB MIG 2g.10gb
naive,torch.bfloat16,128,64,0.04925540306452495,0.23109222543239594,0.6494237763780943,NVIDIA A100-PCIE-40GB MIG 2g.10gb
compiled,torch.bfloat16,128,64,0.028563478502674378,0.07413155541178726,0.4731684595346451,NVIDIA A100-PCIE-40GB MIG 2g.10gb
sdpa,torch.bfloat16,128,64,0.011007772917126088,0.029992902105239996,0.037892266694042415,NVIDIA A100-PCIE-40GB MIG 2g.10gb
flash,torch.bfloat16,256,64,0.015064915954952931,0.11604825761770049,0.23170587246088273,NVIDIA A100-PCIE-40GB MIG 2g.10gb
naive,torch.bfloat16,256,64,0.05438700721676188,0.0872426668684634,0.3893783089426375,NVIDIA A100-PCIE-40GB MIG 2g.10gb
compiled,torch.bfloat16,256,64,0.04237037016837685,0.06258051927763088,0.5069446580618927,NVIDIA A100-PCIE-40GB MIG 2g.10gb
sdpa,torch.bfloat16,256,64,0.014895542950502464,0.03717973323331939,0.04835368407175953,NVIDIA A100-PCIE-40GB MIG 2g.10gb
flash,torch.bfloat16,512,64,0.025218728756488756,0.15629028620160357,0.19844266753873707,NVIDIA A100-PCIE-40GB MIG 2g.10gb
naive,torch.bfloat16,512,64,0.07206449245031063,0.1886249257267014,0.6540479974387443,NVIDIA A100-PCIE-40GB MIG 2g.10gb
compiled,torch.bfloat16,512,64,0.0685229925936415,0.09635737597942352,0.5694513430323782,NVIDIA A100-PCIE-40GB MIG 2g.10gb
sdpa,torch.bfloat16,512,64,0.0177764571670975,0.051302787932482635,0.11260036952220477,NVIDIA A100-PCIE-40GB MIG 2g.10gb
flash,torch.bfloat16,1024,64,0.04886206067308332,0.3026225772168901,0.4014761019975711,NVIDIA A100-PCIE-40GB MIG 2g.10gb
naive,torch.bfloat16,1024,64,0.14059724351939032,0.23044545864947488,0.72014179209183,NVIDIA A100-PCIE-40GB MIG 2g.10gb
compiled,torch.bfloat16,1024,64,0.12743933831364657,0.1630635781769167,0.6046158577266493,NVIDIA A100-PCIE-40GB MIG 2g.10gb
sdpa,torch.bfloat16,1024,64,0.025305553935736202,0.07975533862752239,0.09950735450031296,NVIDIA A100-PCIE-40GB MIG 2g.10gb
flash,torch.bfloat16,2048,64,0.11323567211139397,0.9527728001276652,1.0571885768856322,NVIDIA A100-PCIE-40GB MIG 2g.10gb
naive,torch.bfloat16,2048,64,0.559278986876524,1.0169191709880172,1.555916358124126,NVIDIA A100-PCIE-40GB MIG 2g.10gb
compiled,torch.bfloat16,2048,64,0.3271151011695667,0.45044502338697745,0.7562381186906029,NVIDIA A100-PCIE-40GB MIG 2g.10gb
sdpa,torch.bfloat16,2048,64,0.03756258839412647,0.13554657578973447,0.16705319272321567,NVIDIA A100-PCIE-40GB MIG 2g.10gb
flash,torch.bfloat16,4096,64,0.34076800011098385,3.418885816227306,3.74946327642961,NVIDIA A100-PCIE-40GB MIG 2g.10gb
naive,torch.bfloat16,4096,64,2.2347312885172226,3.971256380989438,6.175280026027134,NVIDIA A100-PCIE-40GB MIG 2g.10gb
compiled,torch.bfloat16,4096,64,1.042880564405207,1.5863880972529567,2.5988832235336305,NVIDIA A100-PCIE-40GB MIG 2g.10gb
sdpa,torch.bfloat16,4096,64,0.11442237371593957,0.2476292306987139,0.35491268801432785,NVIDIA A100-PCIE-40GB MIG 2g.10gb
flash,torch.bfloat16,8192,64,1.1288183706778068,13.01426751273019,14.12606414159139,NVIDIA A100-PCIE-40GB MIG 2g.10gb
naive,torch.bfloat16,8192,64,8.760051250457764,15.423893292744955,24.145832061767578,NVIDIA A100-PCIE-40GB MIG 2g.10gb
compiled,torch.bfloat16,8192,64,3.553811498310255,5.845604292551676,9.386275503370497,NVIDIA A100-PCIE-40GB MIG 2g.10gb
sdpa,torch.bfloat16,8192,64,0.3416454726143887,0.5850538956491571,0.917890128493309,NVIDIA A100-PCIE-40GB MIG 2g.10gb
flash,torch.bfloat16,16384,64,4.122068762779236,53.06892776489258,57.07622528076172,NVIDIA A100-PCIE-40GB MIG 2g.10gb
naive,torch.bfloat16,16384,64,34.048431396484375,60.80499267578125,94.8512954711914,NVIDIA A100-PCIE-40GB MIG 2g.10gb
compiled,torch.bfloat16,16384,64,13.964325428009033,22.494887828826904,36.39340782165527,NVIDIA A100-PCIE-40GB MIG 2g.10gb
sdpa,torch.bfloat16,16384,64,1.0163575164202987,2.09759057970608,3.109084186553955,NVIDIA A100-PCIE-40GB MIG 2g.10gb
flash,torch.bfloat16,32768,64,,,,NVIDIA A100-PCIE-40GB MIG 2g.10gb
naive,torch.bfloat16,32768,64,,,,NVIDIA A100-PCIE-40GB MIG 2g.10gb
compiled,torch.bfloat16,32768,64,,,,NVIDIA A100-PCIE-40GB MIG 2g.10gb
sdpa,torch.bfloat16,32768,64,3.3931986590226493,8.004511833190918,11.392943978309631,NVIDIA A100-PCIE-40GB MIG 2g.10gb
flash,torch.bfloat16,65536,64,,,,NVIDIA A100-PCIE-40GB MIG 2g.10gb
naive,torch.bfloat16,65536,64,,,,NVIDIA A100-PCIE-40GB MIG 2g.10gb
compiled,torch.bfloat16,65536,64,,,,NVIDIA A100-PCIE-40GB MIG 2g.10gb
sdpa,torch.bfloat16,65536,64,12.247346333095006,31.369354248046875,43.645408630371094,NVIDIA A100-PCIE-40GB MIG 2g.10gb
flash,torch.bfloat16,128,128,0.011864115909227858,0.318946222257283,0.46693967806326375,NVIDIA A100-PCIE-40GB MIG 2g.10gb
naive,torch.bfloat16,128,128,0.049407761154779746,0.14650465881123262,0.6580774942412972,NVIDIA A100-PCIE-40GB MIG 2g.10gb
compiled,torch.bfloat16,128,128,0.02836641235604086,0.18795435355209253,0.5706468581088951,NVIDIA A100-PCIE-40GB MIG 2g.10gb
sdpa,torch.bfloat16,128,128,0.01549798588380746,0.036741533953892555,0.0492317576074239,NVIDIA A100-PCIE-40GB MIG 2g.10gb
flash,torch.bfloat16,256,128,0.017550523622104755,0.27601482279990847,0.4256619589125856,NVIDIA A100-PCIE-40GB MIG 2g.10gb
naive,torch.bfloat16,256,128,0.055990616573875114,0.08870755567673654,0.5361504778265953,NVIDIA A100-PCIE-40GB MIG 2g.10gb
compiled,torch.bfloat16,256,128,0.04350791068540679,0.09153183173983037,0.49296838151557104,NVIDIA A100-PCIE-40GB MIG 2g.10gb
sdpa,torch.bfloat16,256,128,0.01724730945265979,0.048968421141231865,0.06144464081366553,NVIDIA A100-PCIE-40GB MIG 2g.10gb
flash,torch.bfloat16,512,128,0.030682249926030636,0.18700799970207987,0.33018804093201953,NVIDIA A100-PCIE-40GB MIG 2g.10gb
naive,torch.bfloat16,512,128,0.0756941396714181,0.12086162001879747,0.5405601831688278,NVIDIA A100-PCIE-40GB MIG 2g.10gb
compiled,torch.bfloat16,512,128,0.07279950833091368,0.105760000521938,0.6806912823365285,NVIDIA A100-PCIE-40GB MIG 2g.10gb
sdpa,torch.bfloat16,512,128,0.022139395794851316,0.07378974981838837,0.09004902416467667,NVIDIA A100-PCIE-40GB MIG 2g.10gb
flash,torch.bfloat16,1024,128,0.06200172325166372,0.46008770333396065,0.6779510580441531,NVIDIA A100-PCIE-40GB MIG 2g.10gb
naive,torch.bfloat16,1024,128,0.14669044126393432,0.2367338868525793,0.5154076260189677,NVIDIA A100-PCIE-40GB MIG 2g.10gb
compiled,torch.bfloat16,1024,128,0.13274079983433087,0.3275371235713624,0.30787915893291173,NVIDIA A100-PCIE-40GB MIG 2g.10gb
sdpa,torch.bfloat16,1024,128,0.034897518283041724,0.12414906664441029,0.1499801379596365,NVIDIA A100-PCIE-40GB MIG 2g.10gb
flash,torch.bfloat16,2048,128,0.15028691493858726,1.5100909119302577,1.650774856408437,NVIDIA A100-PCIE-40GB MIG 2g.10gb
naive,torch.bfloat16,2048,128,0.580554669484114,1.055520006588527,1.6209439919108437,NVIDIA A100-PCIE-40GB MIG 2g.10gb
compiled,torch.bfloat16,2048,128,0.3479940006509423,0.48852780676749813,0.824916187616495,NVIDIA A100-PCIE-40GB MIG 2g.10gb
sdpa,torch.bfloat16,2048,128,0.05516968415419858,0.2222252073434164,0.2693509704405718,NVIDIA A100-PCIE-40GB MIG 2g.10gb
flash,torch.bfloat16,4096,128,0.48606819056329276,5.834483178456624,6.308116572243827,NVIDIA A100-PCIE-40GB MIG 2g.10gb
naive,torch.bfloat16,4096,128,2.2791214422746138,4.04752456574213,6.307001147951398,NVIDIA A100-PCIE-40GB MIG 2g.10gb
compiled,torch.bfloat16,4096,128,1.0888920021908624,1.6604457185381936,2.7285726892537085,NVIDIA A100-PCIE-40GB MIG 2g.10gb
sdpa,torch.bfloat16,4096,128,0.18589734490466328,0.4157719540184942,0.5912555785555589,NVIDIA A100-PCIE-40GB MIG 2g.10gb
flash,torch.bfloat16,8192,128,1.6383512303942727,22.820168018341064,24.43948809305827,NVIDIA A100-PCIE-40GB MIG 2g.10gb
naive,torch.bfloat16,8192,128,8.958419227600098,15.697087923685709,24.643210728963215,NVIDIA A100-PCIE-40GB MIG 2g.10gb
compiled,torch.bfloat16,8192,128,3.750578901984475,6.133725779397147,9.875704871283638,NVIDIA A100-PCIE-40GB MIG 2g.10gb
sdpa,torch.bfloat16,8192,128,0.5821165144443512,1.0078617142779487,1.5839862823486328,NVIDIA A100-PCIE-40GB MIG 2g.10gb
flash,torch.bfloat16,16384,128,6.046708617891584,87.74825286865234,93.73107147216797,NVIDIA A100-PCIE-40GB MIG 2g.10gb
naive,torch.bfloat16,16384,128,34.65518379211426,61.91680145263672,96.49708557128906,NVIDIA A100-PCIE-40GB MIG 2g.10gb
compiled,torch.bfloat16,16384,128,14.559642314910889,23.588079929351807,38.128143310546875,NVIDIA A100-PCIE-40GB MIG 2g.10gb
sdpa,torch.bfloat16,16384,128,1.6538643808591933,3.6838996410369873,5.331138014793396,NVIDIA A100-PCIE-40GB MIG 2g.10gb
flash,torch.bfloat16,32768,128,,,,NVIDIA A100-PCIE-40GB MIG 2g.10gb
naive,torch.bfloat16,32768,128,,,,NVIDIA A100-PCIE-40GB MIG 2g.10gb
compiled,torch.bfloat16,32768,128,,,,NVIDIA A100-PCIE-40GB MIG 2g.10gb
sdpa,torch.bfloat16,32768,128,5.430120050907135,14.026559988657633,19.479496479034424,NVIDIA A100-PCIE-40GB MIG 2g.10gb
flash,torch.bfloat16,65536,128,,,,NVIDIA A100-PCIE-40GB MIG 2g.10gb
naive,torch.bfloat16,65536,128,,,,NVIDIA A100-PCIE-40GB MIG 2g.10gb
compiled,torch.bfloat16,65536,128,,,,NVIDIA A100-PCIE-40GB MIG 2g.10gb
sdpa,torch.bfloat16,65536,128,20.209167957305908,54.849246978759766,75.05049896240234,NVIDIA A100-PCIE-40GB MIG 2g.10gb
flash,torch.float32,128,16,0.010718399811802165,0.26293169377514947,0.47112609321872395,NVIDIA A100-PCIE-40GB MIG 2g.10gb
naive,torch.float32,128,16,0.049761851156546064,0.11434399960562587,0.6801934549302766,NVIDIA A100-PCIE-40GB MIG 2g.10gb
compiled,torch.float32,128,16,0.021750561236370383,0.05541372449573027,0.526371552620405,NVIDIA A100-PCIE-40GB MIG 2g.10gb
sdpa,torch.float32,128,16,0.022810705019522915,0.0647394465139279,0.08422603174334481,NVIDIA A100-PCIE-40GB MIG 2g.10gb
flash,torch.float32,256,16,0.013010809070053902,0.06929224939085543,0.1070926280553676,NVIDIA A100-PCIE-40GB MIG 2g.10gb
naive,torch.float32,256,16,0.058452606116506184,0.10195019360511534,0.32047133473679423,NVIDIA A100-PCIE-40GB MIG 2g.10gb
compiled,torch.float32,256,16,0.026396316643670308,0.0614307368860433,0.2454999977722764,NVIDIA A100-PCIE-40GB MIG 2g.10gb
sdpa,torch.float32,256,16,0.037416470620562046,0.09479679995775223,0.12885351353833654,NVIDIA A100-PCIE-40GB MIG 2g.10gb
flash,torch.float32,512,16,0.019656408618945274,0.09689257167545813,0.11907165601689329,NVIDIA A100-PCIE-40GB MIG 2g.10gb
naive,torch.float32,512,16,0.0865766300460485,0.15140741833231666,0.383384985466526,NVIDIA A100-PCIE-40GB MIG 2g.10gb
compiled,torch.float32,512,16,0.043579733592492564,0.09483752751892263,0.2327696154213915,NVIDIA A100-PCIE-40GB MIG 2g.10gb
sdpa,torch.float32,512,16,0.06753025909189049,0.15518206858943248,0.22042886035464634,NVIDIA A100-PCIE-40GB MIG 2g.10gb
flash,torch.float32,1024,16,0.038311111319948125,0.2230041980153263,0.2578970101273176,NVIDIA A100-PCIE-40GB MIG 2g.10gb
naive,torch.float32,1024,16,0.19201971444168262,0.3730452180556629,0.5585224541028341,NVIDIA A100-PCIE-40GB MIG 2g.10gb
compiled,torch.float32,1024,16,0.09663359969854354,0.21824909790473826,0.7771661399408828,NVIDIA A100-PCIE-40GB MIG 2g.10gb
sdpa,torch.float32,1024,16,0.1263129908191271,0.28042240053415296,0.40214256054899666,NVIDIA A100-PCIE-40GB MIG 2g.10gb
flash,torch.float32,2048,16,0.0962087872941963,0.714877286199796,0.8042596933933405,NVIDIA A100-PCIE-40GB MIG 2g.10gb
naive,torch.float32,2048,16,0.9782269799103172,1.8919031588654769,2.856338968983403,NVIDIA A100-PCIE-40GB MIG 2g.10gb
compiled,torch.float32,2048,16,0.3684058751486525,0.7995301837270911,1.1587631287782088,NVIDIA A100-PCIE-40GB MIG 2g.10gb
sdpa,torch.float32,2048,16,0.2399492823290375,0.5435702287698094,0.778419394384731,NVIDIA A100-PCIE-40GB MIG 2g.10gb
flash,torch.float32,4096,16,0.3100865291697638,2.5798357566197714,2.8792521247157343,NVIDIA A100-PCIE-40GB MIG 2g.10gb
naive,torch.float32,4096,16,3.649506776229195,7.068506717681885,10.701112031936646,NVIDIA A100-PCIE-40GB MIG 2g.10gb
compiled,torch.float32,4096,16,1.5657389082691886,3.0065846168077908,4.550177699641178,NVIDIA A100-PCIE-40GB MIG 2g.10gb
sdpa,torch.float32,4096,16,0.5932351134040139,1.368821342786153,1.9567282135422166,NVIDIA A100-PCIE-40GB MIG 2g.10gb
flash,torch.float32,8192,16,1.0300957236373633,9.854182985093859,10.867388010025024,NVIDIA A100-PCIE-40GB MIG 2g.10gb
naive,torch.float32,8192,16,14.288666566212973,27.503530502319336,41.766000747680664,NVIDIA A100-PCIE-40GB MIG 2g.10gb
compiled,torch.float32,8192,16,6.073814868927002,11.428255915641785,17.52111396789551,NVIDIA A100-PCIE-40GB MIG 2g.10gb
sdpa,torch.float32,8192,16,1.8448278934527667,3.4621954793515415,5.299560040235519,NVIDIA A100-PCIE-40GB MIG 2g.10gb
flash,torch.float32,16384,16,3.8288579214186895,39.91990280151367,43.72292900085449,NVIDIA A100-PCIE-40GB MIG 2g.10gb
naive,torch.float32,16384,16,,,,NVIDIA A100-PCIE-40GB MIG 2g.10gb
compiled,torch.float32,16384,16,24.72381846110026,46.210975646972656,70.92924499511719,NVIDIA A100-PCIE-40GB MIG 2g.10gb
sdpa,torch.float32,16384,16,6.0111337048666815,13.099273000444684,19.105036544799805,NVIDIA A100-PCIE-40GB MIG 2g.10gb
flash,torch.float32,32768,16,,,,NVIDIA A100-PCIE-40GB MIG 2g.10gb
naive,torch.float32,32768,16,,,,NVIDIA A100-PCIE-40GB MIG 2g.10gb
compiled,torch.float32,32768,16,,,,NVIDIA A100-PCIE-40GB MIG 2g.10gb
sdpa,torch.float32,32768,16,22.159640312194824,51.55059051513672,73.4327392578125,NVIDIA A100-PCIE-40GB MIG 2g.10gb
flash,torch.float32,65536,16,,,,NVIDIA A100-PCIE-40GB MIG 2g.10gb
naive,torch.float32,65536,16,,,,NVIDIA A100-PCIE-40GB MIG 2g.10gb
compiled,torch.float32,65536,16,,,,NVIDIA A100-PCIE-40GB MIG 2g.10gb
sdpa,torch.float32,65536,16,84.38947296142578,201.82611083984375,287.1028747558594,NVIDIA A100-PCIE-40GB MIG 2g.10gb
flash,torch.float32,128,32,0.010845714202150702,0.07227213017460776,0.2478055612671943,NVIDIA A100-PCIE-40GB MIG 2g.10gb
naive,torch.float32,128,32,0.05119235844198448,0.20750456126896957,0.9178732330982502,NVIDIA A100-PCIE-40GB MIG 2g.10gb
compiled,torch.float32,128,32,0.03370885707304946,0.23616071911842634,0.552984107043836,NVIDIA A100-PCIE-40GB MIG 2g.10gb
sdpa,torch.float32,128,32,0.0233008342547168,0.082721509179979,0.17116717268423787,NVIDIA A100-PCIE-40GB MIG 2g.10gb
flash,torch.float32,256,32,0.01581160937036787,0.28977909515942296,0.5445036915215579,NVIDIA A100-PCIE-40GB MIG 2g.10gb
naive,torch.float32,256,32,0.06149367747768279,0.48595634452354763,0.9603168567021688,NVIDIA A100-PCIE-40GB MIG 2g.10gb
compiled,torch.float32,256,32,0.050660331026279835,0.08558842508082694,0.760379914273607,NVIDIA A100-PCIE-40GB MIG 2g.10gb
sdpa,torch.float32,256,32,0.03730870599803679,0.09584564684318896,0.13413028538759267,NVIDIA A100-PCIE-40GB MIG 2g.10gb
flash,torch.float32,512,32,0.02657467645025791,0.09933314934886735,0.2183990213183724,NVIDIA A100-PCIE-40GB MIG 2g.10gb
naive,torch.float32,512,32,0.08648350008297712,0.4489919987541658,0.9005107523558976,NVIDIA A100-PCIE-40GB MIG 2g.10gb
compiled,torch.float32,512,32,0.0807705003535375,0.09803786668926477,0.4326441910650049,NVIDIA A100-PCIE-40GB MIG 2g.10gb
sdpa,torch.float32,512,32,0.0682683079288556,0.1573537387277769,0.22113066642057327,NVIDIA A100-PCIE-40GB MIG 2g.10gb
flash,torch.float32,1024,32,0.051779878861976394,0.29970382187101574,0.39171906725152744,NVIDIA A100-PCIE-40GB MIG 2g.10gb
naive,torch.float32,1024,32,0.2030574538490989,0.384945040399378,0.5845340546723958,NVIDIA A100-PCIE-40GB MIG 2g.10gb
compiled,torch.float32,1024,32,0.15890215451900774,0.21418437347790906,0.42920836399901996,NVIDIA A100-PCIE-40GB MIG 2g.10gb
sdpa,torch.float32,1024,32,0.12716535595822925,0.2849724790453911,0.4077260239740436,NVIDIA A100-PCIE-40GB MIG 2g.10gb
flash,torch.float32,2048,32,0.12082773347695669,0.6218901921625006,0.7357495651728865,NVIDIA A100-PCIE-40GB MIG 2g.10gb
naive,torch.float32,2048,32,0.9897009678955736,1.8967637921634473,2.876860397833365,NVIDIA A100-PCIE-40GB MIG 2g.10gb
compiled,torch.float32,2048,32,0.42768472839485516,0.7720797577900673,1.186414489206278,NVIDIA A100-PCIE-40GB MIG 2g.10gb
sdpa,torch.float32,2048,32,0.24288573608083544,0.5528587389595901,0.7906375762188074,NVIDIA A100-PCIE-40GB MIG 2g.10gb
flash,torch.float32,4096,32,0.37806539043136267,2.26547782348864,2.6361787812463167,NVIDIA A100-PCIE-40GB MIG 2g.10gb
naive,torch.float32,4096,32,3.741307659582658,7.141658663749695,10.863336086273193,NVIDIA A100-PCIE-40GB MIG 2g.10gb
compiled,torch.float32,4096,32,1.3506959974765778,2.819626271724701,4.1503904342651365,NVIDIA A100-PCIE-40GB MIG 2g.10gb
sdpa,torch.float32,4096,32,0.5984835307319443,1.3776204230937552,1.971252763593519,NVIDIA A100-PCIE-40GB MIG 2g.10gb
flash,torch.float32,8192,32,1.2489286287158143,8.540531158447266,9.776910252041286,NVIDIA A100-PCIE-40GB MIG 2g.10gb
naive,torch.float32,8192,32,14.608426888783773,27.89954121907552,42.49076843261719,NVIDIA A100-PCIE-40GB MIG 2g.10gb
compiled,torch.float32,8192,32,4.690497716267903,10.864328026771545,15.558917363484701,NVIDIA A100-PCIE-40GB MIG 2g.10gb
sdpa,torch.float32,8192,32,1.8529682006591406,3.48374400968137,5.327636033296585,NVIDIA A100-PCIE-40GB MIG 2g.10gb
flash,torch.float32,16384,32,4.586654186248779,34.603376388549805,39.17948913574219,NVIDIA A100-PCIE-40GB MIG 2g.10gb
naive,torch.float32,16384,32,,,,NVIDIA A100-PCIE-40GB MIG 2g.10gb
compiled,torch.float32,16384,32,19.002041625976563,46.34160041809082,65.23149108886719,NVIDIA A100-PCIE-40GB MIG 2g.10gb
sdpa,torch.float32,16384,32,6.021938323974609,13.15807546888079,19.183615493774415,NVIDIA A100-PCIE-40GB MIG 2g.10gb
flash,torch.float32,32768,32,,,,NVIDIA A100-PCIE-40GB MIG 2g.10gb
naive,torch.float32,32768,32,,,,NVIDIA A100-PCIE-40GB MIG 2g.10gb
compiled,torch.float32,32768,32,,,,NVIDIA A100-PCIE-40GB MIG 2g.10gb
sdpa,torch.float32,32768,32,22.182376384735107,51.71548843383789,73.68156433105469,NVIDIA A100-PCIE-40GB MIG 2g.10gb
flash,torch.float32,65536,32,,,,NVIDIA A100-PCIE-40GB MIG 2g.10gb
naive,torch.float32,65536,32,,,,NVIDIA A100-PCIE-40GB MIG 2g.10gb
compiled,torch.float32,65536,32,,,,NVIDIA A100-PCIE-40GB MIG 2g.10gb
sdpa,torch.float32,65536,32,84.95977783203125,203.42982482910156,289.1983337402344,NVIDIA A100-PCIE-40GB MIG 2g.10gb
flash,torch.float32,128,64,0.011668799904042057,0.08214125714841343,0.1924488983839472,NVIDIA A100-PCIE-40GB MIG 2g.10gb
naive,torch.float32,128,64,0.051901850599183966,0.09132685691916517,0.8061799498987786,NVIDIA A100-PCIE-40GB MIG 2g.10gb
compiled,torch.float32,128,64,0.034080484684443836,0.09747599953642258,0.5170521789522313,NVIDIA A100-PCIE-40GB MIG 2g.10gb
sdpa,torch.float32,128,64,0.024529496167632316,0.07021394708251531,0.09139529876795012,NVIDIA A100-PCIE-40GB MIG 2g.10gb
flash,torch.float32,256,64,0.017377221345446493,0.27335923862835715,0.5692365144689878,NVIDIA A100-PCIE-40GB MIG 2g.10gb
naive,torch.float32,256,64,0.0633637499413453,0.19974193601839005,0.6234244905985319,NVIDIA A100-PCIE-40GB MIG 2g.10gb
compiled,torch.float32,256,64,0.05298141350871638,0.07269105641694551,0.3390224855197103,NVIDIA A100-PCIE-40GB MIG 2g.10gb
sdpa,torch.float32,256,64,0.04098258868736379,0.10406686208112453,0.14117032531489673,NVIDIA A100-PCIE-40GB MIG 2g.10gb
flash,torch.float32,512,64,0.029373818302922176,0.3130305713441755,0.6609137757784791,NVIDIA A100-PCIE-40GB MIG 2g.10gb
naive,torch.float32,512,64,0.10094566428661346,0.518307654772486,1.1334237194897836,NVIDIA A100-PCIE-40GB MIG 2g.10gb
compiled,torch.float32,512,64,0.0953678728805648,0.3182819988578558,1.0239395565456815,NVIDIA A100-PCIE-40GB MIG 2g.10gb
sdpa,torch.float32,512,64,0.07505575355428916,0.173760914234888,0.24495304311099259,NVIDIA A100-PCIE-40GB MIG 2g.10gb
flash,torch.float32,1024,64,0.06164372518999886,0.29879410591041833,0.34085050727947647,NVIDIA A100-PCIE-40GB MIG 2g.10gb
naive,torch.float32,1024,64,0.22909599956538942,0.4495999996745309,0.6677733386556307,NVIDIA A100-PCIE-40GB MIG 2g.10gb
compiled,torch.float32,1024,64,0.18498322169865128,0.27660356240697426,0.504418740102223,NVIDIA A100-PCIE-40GB MIG 2g.10gb
sdpa,torch.float32,1024,64,0.14180311876333365,0.3171189995482564,0.45358323696113767,NVIDIA A100-PCIE-40GB MIG 2g.10gb
flash,torch.float32,2048,64,0.1532143453328774,0.9304507206071098,1.1170493611749612,NVIDIA A100-PCIE-40GB MIG 2g.10gb
naive,torch.float32,2048,64,1.09762676412409,2.123270395823887,3.2164825630187988,NVIDIA A100-PCIE-40GB MIG 2g.10gb
compiled,torch.float32,2048,64,0.5352195993065834,0.9983867622655014,1.5309680050069636,NVIDIA A100-PCIE-40GB MIG 2g.10gb
sdpa,torch.float32,2048,64,0.274796737918576,0.6264592425243275,0.8952738085100728,NVIDIA A100-PCIE-40GB MIG 2g.10gb
flash,torch.float32,4096,64,0.5012406717581921,3.385287990172704,3.8793630259377614,NVIDIA A100-PCIE-40GB MIG 2g.10gb
naive,torch.float32,4096,64,4.140270352363586,8.031970891085537,12.166066305977958,NVIDIA A100-PCIE-40GB MIG 2g.10gb
compiled,torch.float32,4096,64,1.749347198009491,3.7132989276539194,5.458039969205856,NVIDIA A100-PCIE-40GB MIG 2g.10gb
sdpa,torch.float32,4096,64,0.6814577778180441,1.5822258605513462,2.2514977166146943,NVIDIA A100-PCIE-40GB MIG 2g.10gb
flash,torch.float32,8192,64,1.6772411465644836,12.95344911302839,14.625871976216635,NVIDIA A100-PCIE-40GB MIG 2g.10gb
naive,torch.float32,8192,64,16.21226234436035,31.376778920491535,47.58017539978027,NVIDIA A100-PCIE-40GB MIG 2g.10gb
compiled,torch.float32,8192,64,6.289613723754883,14.341599782307943,20.625959873199463,NVIDIA A100-PCIE-40GB MIG 2g.10gb
sdpa,torch.float32,8192,64,2.109017596926008,3.9536609649658203,6.0478856563568115,NVIDIA A100-PCIE-40GB MIG 2g.10gb
flash,torch.float32,16384,64,6.253325700759888,53.0813102722168,59.164512634277344,NVIDIA A100-PCIE-40GB MIG 2g.10gb
naive,torch.float32,16384,64,,,,NVIDIA A100-PCIE-40GB MIG 2g.10gb
compiled,torch.float32,16384,64,26.381824493408203,61.20751953125,87.727294921875,NVIDIA A100-PCIE-40GB MIG 2g.10gb
sdpa,torch.float32,16384,64,6.823977947235107,14.991365273793539,21.69976806640625,NVIDIA A100-PCIE-40GB MIG 2g.10gb
flash,torch.float32,32768,64,,,,NVIDIA A100-PCIE-40GB MIG 2g.10gb
naive,torch.float32,32768,64,,,,NVIDIA A100-PCIE-40GB MIG 2g.10gb
compiled,torch.float32,32768,64,,,,NVIDIA A100-PCIE-40GB MIG 2g.10gb
sdpa,torch.float32,32768,64,25.024171193440754,58.822975158691406,83.80912017822266,NVIDIA A100-PCIE-40GB MIG 2g.10gb
flash,torch.float32,65536,64,,,,NVIDIA A100-PCIE-40GB MIG 2g.10gb
naive,torch.float32,65536,64,,,,NVIDIA A100-PCIE-40GB MIG 2g.10gb
compiled,torch.float32,65536,64,,,,NVIDIA A100-PCIE-40GB MIG 2g.10gb
sdpa,torch.float32,65536,64,97.36198425292969,229.9198760986328,328.9912414550781,NVIDIA A100-PCIE-40GB MIG 2g.10gb
flash,torch.float32,128,128,0.014410746193477023,0.15624765212769093,0.20780357441052477,NVIDIA A100-PCIE-40GB MIG 2g.10gb
naive,torch.float32,128,128,0.05436751871068675,0.13946859068313583,0.37835326281033066,NVIDIA A100-PCIE-40GB MIG 2g.10gb
compiled,torch.float32,128,128,0.037449109238864735,0.05637212134333271,0.3068728893995285,NVIDIA A100-PCIE-40GB MIG 2g.10gb
sdpa,torch.float32,128,128,0.02413147855280102,0.08217020438412043,0.10126160010695458,NVIDIA A100-PCIE-40GB MIG 2g.10gb
flash,torch.float32,256,128,0.02242289219911282,0.0878481271839331,0.22270452402165677,NVIDIA A100-PCIE-40GB MIG 2g.10gb
naive,torch.float32,256,128,0.07008615411244906,0.12305263861888598,0.395240399800241,NVIDIA A100-PCIE-40GB MIG 2g.10gb
compiled,torch.float32,256,128,0.059543915838003156,0.2756276701303089,0.9693234981968999,NVIDIA A100-PCIE-40GB MIG 2g.10gb
sdpa,torch.float32,256,128,0.04073173376145186,0.13292859787138822,0.19404565797346393,NVIDIA A100-PCIE-40GB MIG 2g.10gb
flash,torch.float32,512,128,0.04064861527429177,0.23791048655638825,0.8342614897659847,NVIDIA A100-PCIE-40GB MIG 2g.10gb
naive,torch.float32,512,128,0.12104332095609521,0.2787943216421271,0.8296639992479693,NVIDIA A100-PCIE-40GB MIG 2g.10gb
compiled,torch.float32,512,128,0.11561105642619172,0.16062636479087497,0.42003084306257316,NVIDIA A100-PCIE-40GB MIG 2g.10gb
sdpa,torch.float32,512,128,0.0741220908669325,0.2267088305275395,0.29634068650428697,NVIDIA A100-PCIE-40GB MIG 2g.10gb
flash,torch.float32,1024,128,0.08706595279335037,0.4390013798557479,0.5216384003559749,NVIDIA A100-PCIE-40GB MIG 2g.10gb
naive,torch.float32,1024,128,0.29043548561558863,0.5685385246025888,0.8550011921436229,NVIDIA A100-PCIE-40GB MIG 2g.10gb
compiled,torch.float32,1024,128,0.24756632418859573,0.39994390928343443,0.6574316525804824,NVIDIA A100-PCIE-40GB MIG 2g.10gb
sdpa,torch.float32,1024,128,0.14094535589723264,0.4159843654117801,0.551739079065812,NVIDIA A100-PCIE-40GB MIG 2g.10gb
flash,torch.float32,2048,128,0.2533671634537833,1.4717902236514622,1.7192848026752472,NVIDIA A100-PCIE-40GB MIG 2g.10gb
naive,torch.float32,2048,128,1.3006015920639038,2.5614837328592936,3.8597516332353865,NVIDIA A100-PCIE-40GB MIG 2g.10gb
compiled,torch.float32,2048,128,0.7370949525764023,1.4399638279624607,2.171874824692221,NVIDIA A100-PCIE-40GB MIG 2g.10gb
sdpa,torch.float32,2048,128,0.3030303024282359,0.797324800491333,1.0914647232402455,NVIDIA A100-PCIE-40GB MIG 2g.10gb
flash,torch.float32,4096,128,0.8191835148767992,5.775281016031901,6.588777835552509,NVIDIA A100-PCIE-40GB MIG 2g.10gb
naive,torch.float32,4096,128,5.165285671458525,9.991800944010416,15.157029151916504,NVIDIA A100-PCIE-40GB MIG 2g.10gb
compiled,torch.float32,4096,128,2.774082294532231,5.675936031341553,8.439913558959962,NVIDIA A100-PCIE-40GB MIG 2g.10gb
sdpa,torch.float32,4096,128,0.8881132725685362,1.9916391140884824,2.874881205735383,NVIDIA A100-PCIE-40GB MIG 2g.10gb
flash,torch.float32,8192,128,2.882178377222132,22.685376167297363,25.57042121887207,NVIDIA A100-PCIE-40GB MIG 2g.10gb
naive,torch.float32,8192,128,20.330408096313477,39.33607864379883,59.651039123535156,NVIDIA A100-PCIE-40GB MIG 2g.10gb
compiled,torch.float32,8192,128,10.402776824103462,22.308023929595947,32.710208892822266,NVIDIA A100-PCIE-40GB MIG 2g.10gb
sdpa,torch.float32,8192,128,2.9263312375103987,7.255949298540751,10.179217868381077,NVIDIA A100-PCIE-40GB MIG 2g.10gb
flash,torch.float32,16384,128,10.756404042243958,87.5403823852539,98.29606628417969,NVIDIA A100-PCIE-40GB MIG 2g.10gb
naive,torch.float32,16384,128,,,,NVIDIA A100-PCIE-40GB MIG 2g.10gb
compiled,torch.float32,16384,128,40.062448501586914,88.80217742919922,128.82655334472656,NVIDIA A100-PCIE-40GB MIG 2g.10gb
sdpa,torch.float32,16384,128,10.563379883766174,28.00216547648112,38.59521484375,NVIDIA A100-PCIE-40GB MIG 2g.10gb
flash,torch.float32,32768,128,,,,NVIDIA A100-PCIE-40GB MIG 2g.10gb
naive,torch.float32,32768,128,,,,NVIDIA A100-PCIE-40GB MIG 2g.10gb
compiled,torch.float32,32768,128,,,,NVIDIA A100-PCIE-40GB MIG 2g.10gb
sdpa,torch.float32,32768,128,40.45132827758789,110.89705657958984,150.8949737548828,NVIDIA A100-PCIE-40GB MIG 2g.10gb
flash,torch.float32,65536,128,,,,NVIDIA A100-PCIE-40GB MIG 2g.10gb
naive,torch.float32,65536,128,,,,NVIDIA A100-PCIE-40GB MIG 2g.10gb
compiled,torch.float32,65536,128,,,,NVIDIA A100-PCIE-40GB MIG 2g.10gb
sdpa,torch.float32,65536,128,158.69570922851562,442.625732421875,601.3148193359375,NVIDIA A100-PCIE-40GB MIG 2g.10gb
